{"cameraMode":{"drawMode":0,"name":"Shaded","section":"Shading Mode"},"sceneLighting":false,"audioPlay":false,"sceneViewState":{"showFog":true,"showMaterialUpdate":false,"showSkybox":true,"showFlares":true,"showImageEffects":true,"showParticleSystems":true},"in2DMode":false,"pivot":{"x":0.07047483325004578,"y":2.876995086669922,"z":3.518789291381836},"rotation":{"x":0.1319178193807602,"y":-0.010413157753646374,"z":0.001385961426422,"w":0.9912050366401672},"size":15.190176963806153,"orthographic":false}