{"cameraMode":{"drawMode":0,"name":"Shaded","section":"Shading Mode"},"sceneLighting":false,"audioPlay":false,"sceneViewState":{"showFog":true,"showMaterialUpdate":false,"showSkybox":true,"showFlares":true,"showImageEffects":true,"showParticleSystems":true},"in2DMode":false,"pivot":{"x":-0.2733417749404907,"y":6.523694038391113,"z":-0.02904835343360901},"rotation":{"x":-0.03717557713389397,"y":-0.016492540016770364,"z":-0.0006135409348644316,"w":0.9991725087165833},"size":8.927170753479004,"orthographic":false}