{"cameraMode":{"drawMode":0,"name":"Shaded","section":"Shading Mode"},"sceneLighting":false,"audioPlay":false,"sceneViewState":{"showFog":true,"showMaterialUpdate":false,"showSkybox":true,"showFlares":true,"showImageEffects":true,"showParticleSystems":true},"in2DMode":false,"pivot":{"x":0.06999993324279785,"y":7.839562892913818,"z":0.060190096497535709},"rotation":{"x":0.11065394431352616,"y":0.5249624848365784,"z":-0.069066122174263,"w":0.8410707712173462},"size":10.394956588745118,"orthographic":false}