{"cameraMode":{"drawMode":0,"name":"Shaded","section":"Shading Mode"},"sceneLighting":false,"audioPlay":false,"sceneViewState":{"showFog":true,"showMaterialUpdate":false,"showSkybox":true,"showFlares":true,"showImageEffects":true,"showParticleSystems":true},"in2DMode":false,"pivot":{"x":0.18501555919647218,"y":1.6920015811920167,"z":-9.369999885559082},"rotation":{"x":0.0776556208729744,"y":0.12082438170909882,"z":-0.009481612592935562,"w":0.9895864129066467},"size":22.0,"orthographic":false}