{"cameraMode":{"drawMode":0,"name":"Shaded","section":"Shading Mode"},"sceneLighting":false,"audioPlay":false,"sceneViewState":{"showFog":true,"showMaterialUpdate":false,"showSkybox":true,"showFlares":true,"showImageEffects":true,"showParticleSystems":true},"in2DMode":false,"pivot":{"x":-2.5108025074005129,"y":-1.235613226890564,"z":-13.472253799438477},"rotation":{"x":0.09765203297138214,"y":0.010443386621773243,"z":-0.001025390694849193,"w":0.9951652884483337},"size":0.04766392707824707,"orthographic":false}