{"cameraMode":{"drawMode":0,"name":"Shaded","section":"Shading Mode"},"sceneLighting":false,"audioPlay":false,"sceneViewState":{"showFog":true,"showMaterialUpdate":false,"showSkybox":true,"showFlares":true,"showImageEffects":true,"showParticleSystems":true},"in2DMode":false,"pivot":{"x":-0.24975690245628358,"y":-0.47630608081817629,"z":-0.0333152711391449},"rotation":{"x":0.07823026180267334,"y":-0.0014993669465184212,"z":0.00011779328633565456,"w":0.9969342350959778},"size":1.7556626796722413,"orthographic":false}