{"cameraMode":{"drawMode":0,"name":"Shaded","section":"Shading Mode"},"sceneLighting":false,"audioPlay":false,"sceneViewState":{"showFog":true,"showMaterialUpdate":false,"showSkybox":true,"showFlares":true,"showImageEffects":true,"showParticleSystems":true},"in2DMode":false,"pivot":{"x":0.0,"y":-7.046032905578613,"z":3.178499698638916},"rotation":{"x":0.0776556208729744,"y":0.12082438170909882,"z":-0.009481612592935562,"w":0.9895864129066467},"size":31.97382354736328,"orthographic":false}