{"cameraMode":{"drawMode":0,"name":"Shaded","section":"Shading Mode"},"sceneLighting":false,"audioPlay":false,"sceneViewState":{"showFog":true,"showMaterialUpdate":false,"showSkybox":true,"showFlares":true,"showImageEffects":true,"showParticleSystems":true},"in2DMode":false,"pivot":{"x":1.2948546409606934,"y":8.511100769042969,"z":-1.0671929121017457},"rotation":{"x":0.07823026180267334,"y":-0.0014993669465184212,"z":0.00011779328633565456,"w":0.9969342350959778},"size":6.81060266494751,"orthographic":false}