{"cameraMode":{"drawMode":0,"name":"Shaded","section":"Shading Mode"},"sceneLighting":false,"audioPlay":false,"sceneViewState":{"showFog":true,"showMaterialUpdate":false,"showSkybox":true,"showFlares":true,"showImageEffects":true,"showParticleSystems":true},"in2DMode":false,"pivot":{"x":-0.018841981887817384,"y":5.602693557739258,"z":-0.02904835343360901},"rotation":{"x":0.11065394431352616,"y":0.5249624848365784,"z":-0.069066122174263,"w":0.8410707712173462},"size":17.28875732421875,"orthographic":false}