{"cameraMode":{"drawMode":0,"name":"Shaded","section":"Shading Mode"},"sceneLighting":false,"audioPlay":false,"sceneViewState":{"showFog":true,"showMaterialUpdate":false,"showSkybox":true,"showFlares":true,"showImageEffects":true,"showParticleSystems":true},"in2DMode":false,"pivot":{"x":-1.4621694087982178,"y":9.791175842285157,"z":-6.864654541015625},"rotation":{"x":0.001809959765523672,"y":-0.03149951249361038,"z":0.000057297871535411105,"w":0.9995021224021912},"size":20.44100570678711,"orthographic":false}