{"cameraMode":{"drawMode":0,"name":"Shaded","section":"Shading Mode"},"sceneLighting":false,"audioPlay":false,"sceneViewState":{"showFog":true,"showMaterialUpdate":false,"showSkybox":true,"showFlares":true,"showImageEffects":true,"showParticleSystems":true},"in2DMode":false,"pivot":{"x":-0.21489810943603517,"y":12.130508422851563,"z":8.970951080322266},"rotation":{"x":0.11065394431352616,"y":0.5249624848365784,"z":-0.069066122174263,"w":0.8410707712173462},"size":17.114334106445314,"orthographic":false}